175-73-2889,Camimbo,89484 Bluestem Court,fmillthorpe0@un.org,790-36-8958
585-81-8143,Avavee,8 Dayton Plaza,lgeraudel1@geocities.com,302-88-4580
423-38-7934,Kimia,9 Everett Place,hdeschlein2@apache.org,375-31-0088
720-15-0704,Ntag,96755 Ilene Junction,fshorbrook3@storify.com,822-04-3166
861-77-0055,Omba,948 Ronald Regan Circle,achillingsworth4@rediff.com,538-22-0723
130-61-2151,Devpulse,6489 Loeprich Center,hthandi5@list-manage.com,257-69-7210
835-94-2587,Oyope,6 Esch Way,sstoak6@irs.gov,640-70-3978
490-84-5051,Bluezoom,443 Park Meadow Lane,afoakes7@slate.com,718-21-3463
389-35-1460,Shufflester,22462 Farwell Street,cthrelkeld8@vk.com,723-77-6504
482-05-7038,Mita,46 Westridge Center,tdaley9@ebay.com,867-46-9200
142-69-0606,Jetwire,79536 Spohn Trail,lscatchera@hibu.com,664-54-9154
291-49-6209,Skaboo,245 Di Loreto Court,mlysonsb@squarespace.com,807-46-9865
282-23-4447,DabZ,50 Gulseth Junction,arubinowitschc@sina.com.cn,795-81-4631
894-50-1512,Dynava,3570 Arkansas Trail,mgianellid@jigsy.com,874-66-3214
228-59-6704,Meembee,671 Crescent Oaks Avenue,hguilde@nbcnews.com,873-79-2249
624-36-8507,Edgewire,0211 Becker Center,obarthorpef@europa.eu,887-44-9393
675-20-1496,Chatterbridge,8964 Crest Line Court,mrissog@upenn.edu,820-99-9966
714-89-4630,Babbleopia,56376 Kensington Hill,rjerratschh@sfgate.com,872-50-7313
824-95-3576,Fatz,51292 Katie Hill,sfouxi@qq.com,645-56-8037
247-82-0111,Muxo,331 Claremont Street,wmiguetj@yellowbook.com,405-35-4726
528-76-1211,Zoonoodle,1485 Canary Point,scristofanok@slideshare.net,790-32-6644
514-82-7795,Cogilith,5317 Waywood Junction,edoubraval@mlb.com,857-66-1231
629-44-6197,Kaymbo,10 Shoshone Center,bmegroffm@cargocollective.com,404-16-5820
302-20-6792,Jayo,875 Kim Street,bharlown@utexas.edu,599-88-6156
761-40-9793,Skipfire,71563 Kinsman Point,sdonnachieo@about.me,448-63-9140
219-24-2937,Janyx,824 Valley Edge Point,gskelcherp@adobe.com,840-86-5209
448-05-3027,Innotype,80 Bluestem Pass,bfynanq@europa.eu,165-46-6728
442-99-9114,Dynava,7 Huxley Plaza,lmoseyr@reddit.com,160-13-0554
566-71-2561,Yamia,4939 Drewry Place,sspears@over-blog.com,453-72-5428
832-86-5941,Shuffledrive,16315 Cordelia Alley,hupcraftt@usgs.gov,615-97-9510
253-02-7260,Gigazoom,68803 Nobel Drive,lsenchenkou@soup.io,858-04-3831
759-64-5357,Vipe,7 Hallows Crossing,jcaswallv@newyorker.com,250-55-3859
393-30-4237,Wordify,95 Morning Alley,tsmallridgew@free.fr,685-86-0734
292-16-3008,Leenti,259 Anzinger Avenue,kcammockex@mediafire.com,408-35-1835
238-62-7920,Jabberbean,49549 Forest Terrace,silyukhovy@multiply.com,862-70-6276
362-18-9248,Skimia,29 Commercial Park,jdickz@google.com.br,542-67-2485
489-01-0648,Flipbug,208 Delaware Place,gmatzen10@mlb.com,422-16-6247
628-66-8235,Twinder,7463 Rusk Circle,hmarritt11@telegraph.co.uk,876-56-6937
521-63-2238,Npath,39787 Lighthouse Bay Junction,dwallentin12@telegraph.co.uk,310-55-7743
782-45-2766,Blogtag,4224 Maryland Hill,kwardale13@jugem.jp,362-60-5869
574-38-8169,Myworks,322 Pepper Wood Center,mserotsky14@tamu.edu,353-64-0686
494-76-2370,Gabspot,7 Dottie Way,nshimon15@delicious.com,312-44-5871
706-68-2814,Babbleset,394 Kim Plaza,ccockman16@squidoo.com,314-31-7154
544-20-6823,Jabbersphere,6912 Park Meadow Hill,gkierans17@uiuc.edu,891-11-7317
741-13-2436,Quatz,066 Clemons Avenue,kgeorgelin18@foxnews.com,110-96-3135
615-46-9289,Feedmix,3284 Mayfield Way,sklimt19@hud.gov,302-56-8486
232-22-1016,Rhyloo,9747 Hanover Avenue,cstetlye1a@twitter.com,370-13-3929
664-19-2709,Gigabox,211 Cody Street,ctingle1b@bloglovin.com,642-25-5784
444-50-4701,Blogspan,7 Portage Lane,rbalfe1c@newsvine.com,171-68-2298
825-85-3170,Kwideo,4 Logan Circle,mpearne1d@networkadvertising.org,442-10-5743
