GYM_SSN,Name,Location,Gmail,GO_SSN
12345678901,Fitness Center A,123 Main St,fitnesscenterA@example.com,12345678901
23456789012,Fitness Center B,456 Elm St,fitnesscenterB@example.com,23456789012
34567890123,Fitness Center C,789 Oak St,fitnesscenterC@example.com,34567890123
45678901234,Fitness Center D,101 Maple St,fitnesscenterD@example.com,45678901234
56789012345,Fitness Center E,321 Pine St,fitnesscenterE@example.com,56789012345
67890123456,Fitness Center F,654 Cedar St,fitnesscenterF@example.com,67890123456
78901234567,Fitness Center G,987 Walnut St,fitnesscenterG@example.com,78901234567
89012345678,Fitness Center H,852 Birch St,fitnesscenterH@example.com,89012345678
90123456789,Fitness Center I,753 Fir St,fitnesscenterI@example.com,90123456789
01234567890,Fitness Center J,159 Spruce St,fitnesscenterJ@example.com,01234567890
12345678901,Fitness Center K,357 Pine St,fitnesscenterK@example.com,12345678901
23456789012,Fitness Center L,258 Oak St,fitnesscenterL@example.com,23456789012
34567890123,Fitness Center M,456 Maple St,fitnesscenterM@example.com,34567890123
45678901234,Fitness Center N,753 Cedar St,fitnesscenterN@example.com,45678901234
56789012345,Fitness Center O,852 Birch St,fitnesscenterO@example.com,56789012345
67890123456,Fitness Center P,951 Elm St,fitnesscenterP@example.com,67890123456
78901234567,Fitness Center Q,357 Oak St,fitnesscenterQ@example.com,78901234567
89012345678,Fitness Center R,654 Pine St,fitnesscenterR@example.com,89012345678
90123456789,Fitness Center S,852 Cedar St,fitnesscenterS@example.com,90123456789
01234567890,Fitness Center T,357 Fir St,fitnesscenterT@example.com,01234567890
12345678901,Fitness Center U,753 Maple St,fitnesscenterU@example.com,12345678901
23456789012,Fitness Center V,456 Cedar St,fitnesscenterV@example.com,23456789012
34567890123,Fitness Center W,852 Pine St,fitnesscenterW@example.com,34567890123
45678901234,Fitness Center X,357 Elm St,fitnesscenterX@example.com,45678901234
56789012345,Fitness Center Y,753 Oak St,fitnesscenterY@example.com,56789012345
67890123456,Fitness Center Z,852 Maple St,fitnesscenterZ@example.com,67890123456
78901234567,Fitness Center AA,357 Cedar St,fitnesscenterAA@example.com,78901234567
89012345678,Fitness Center BB,753 Pine St,fitnesscenterBB@example.com,89012345678
90123456789,Fitness Center CC,852 Elm St,fitnesscenterCC@example.com,90123456789
