842-09-0529,Male,wdruitt0@flickr.com,"nC0`}IIxtxPOu""",Wallas,Druitt
124-84-9968,Female,rbunford1@pen.io,yU7{87G|Y8),Roshelle,Bunford
496-26-9289,Female,tmcgeouch2@discovery.com,gA3(<?)H#L,Trixie,McGeouch
680-08-0001,Male,pspikeings3@rediff.com,qZ4?HS)x=Dep#FG,Perice,Spikeings
112-72-1452,Male,whallam4@sun.com,bJ2_Y&\2J?@i,Willey,Hallam
527-49-9588,Male,rgocke5@gmpg.org,"hL2,l0Q_v2G""",Randall,Gocke
270-11-4382,Male,gweymont6@nationalgeographic.com,"dP9@i,4dXj#FKm0",Gene,Weymont
493-16-6836,Male,aorpen7@privacy.gov.au,jN1/#i=6H4d,Ambrose,Orpen
662-98-1471,Female,kjoskovitch8@google.com.hk,eB4_Hc4x@+p,Kristien,Joskovitch
540-85-8371,Female,aniesel9@yelp.com,"qN6)Md'""""",Allison,Niesel
379-73-3095,Female,chenriqueta@admin.ch,"eT9/sS(1m}dGG""",Cecil,Henriquet
306-36-4167,Male,ailewiczb@wikispaces.com,bY9*5@v&K2WsF5%(,Andris,Ilewicz
424-54-9055,Female,savisc@ucoz.ru,hL3`{ereu,Shantee,Avis
679-08-1296,Female,rwaggettd@auda.org.au,tW5#&lG+6&i,Raine,Waggett
636-54-3615,Male,malpe@google.ca,"iE2?cX*4`~""u&",Munroe,Alp
527-84-8262,Male,tbarbyf@youtu.be,"xM9+y""ef",Tremain,Barby
745-93-0767,Female,cgeaneg@quantcast.com,kF1.k/hlLE0ee@,Carmella,Geane
558-41-4258,Male,gwillersonh@dedecms.com,zB7@%~M9LC,Griffie,Willerson
495-07-5357,Female,lpagittj@wordpress.com,yT6!MMZg,Lissa,Pagitt
757-97-3318,Female,cpiburnk@webmd.com,yH4=t>}p(,Cosetta,Piburn
277-24-0527,Male,jgiovannil@cornell.edu,"vS2,uS\{k",Jess,Giovanni
370-74-3994,Male,shanem@g.co,aQ4?LbfidiPs@p,Spence,Hane
576-39-2983,Male,wstorriern@printfriendly.com,hC5|rS(uH,Waldemar,Storrier
320-16-4635,Male,qtomblesono@t.co,vT6&3KAa80DlY,Quincy,Tombleson
106-24-3567,Male,ccordeaup@networkadvertising.org,pZ5\>dYm>jI6,Cully,Cordeau]
167-97-8058,Male,sruddimanq@techcrunch.com,bQ5~#)QYPKD#dx7,Spence,Ruddiman
776-28-3014,Male,pcrumpr@imdb.com,gY0+?Powf\,Pavel,Crump
224-51-2490,Male,afeathers@walmart.com,eV6*&q7J,Araldo,Feather
624-48-4516,Male,pstroudt@narod.ru,"xM8/cd0_{""Uu@gi",Paxton,Stroud
594-16-5644,Female,lcoulsonv@hao123.com,gV0?)'{z,Leela,Coulson
788-66-5506,Female,mgawkew@sfgate.com,"yW5/M)(vo,/1v{rH",Marianna,Gawke
829-09-3692,Male,jfrancomx@wikia.com,"xF3|2M/0Y=zH,",Julius,Francom
203-56-5565,Female,srochelly@noaa.gov,rU9/uT6%xT.,Sybille,Rochell
784-96-0164,Male,dspellissyz@joomla.org,tW7@E!M\8W<h,Dudley,Spellissy
402-81-0347,Female,bready10@yellowbook.com,uK6>jy2)r,Bobinette,Ready
503-46-8694,Male,twolfenden11@domainmarket.com,uF9*uaaM',Thorsten,Wolfenden
386-02-3021,Male,hromer12@jigsy.com,yF4/@E`fu.T'E,Hymie,Romer
263-12-9769,Female,kmarklund13@plala.or.jp,hS9@<yw%CTUA,Katherine,Marklund
244-71-1229,Female,ccaesar14@clickbank.net,"tS5,}""nY|,R",Catherin,Caesar
125-93-2269,Female,aalty15@ustream.tv,"aW5""bCGIS6FOEz&",April,Alty
230-86-1254,Female,adelacroix16@51.la,rM8~|=by1T$eJYg,Alvina,De la croix
220-62-9410,Female,hlemanu17@drupal.org,uZ2$3}6w,Hendrika,Lemanu
125-96-7118,Male,swaltering18@google.com.hk,xM9=E?V3joZ,Stacy,Waltering
145-66-7487,Male,ddecruz19@discuz.net,rQ9~iKq<DN5h,Duane,De Cruz
313-82-7123,Female,rpawden1a@biblegateway.com,cT0>9VY0kr<,Ronny,Pawden
217-50-1762,Male,sburfield1b@census.gov,aZ5{dZrTPsC?,Sanders,Burfield
461-21-4316,Female,efasse1c@xinhuanet.com,rJ1<8!wfAhAB!F,Elsbeth,Fasse
491-73-5542,Male,lvidgeon1d@arstechnica.com,"kL8.~lFg`4""\d_~",Land,Vidgeon
877-86-0325,Male,fderuel1e@opensource.org,xT8+14*8M1|R,Ferd,De Ruel
288-54-6910,Female,dbrokenbrow1f@businessinsider.com,"rN7,Pl7$S+YHZ}",Dorris,Brokenbrow
475-26-2175,Female,csherrett1g@ameblo.jp,wR0\?u\Ab=,Charil,Sherrett
749-56-7735,Female,akiwitz1h@w3.org,eW9!G{ylX9q,Angelika,Kiwitz
866-15-9977,Male,ttyas1i@amazon.com,oL9)isXamL.,Thom,Tyas
854-63-4892,Male,tpettwood1j@goodreads.com,lR4/tzZ+=L8,Taddeusz,Pettwood
330-89-3648,Female,dfreear1k@cyberchimps.com,dM9~)T%b,Darice,Freear
548-51-5196,Male,mpepis1m@state.tx.us,aM4=HrHd5,Maximilianus,Pepis
261-33-4231,Female,tsambell1n@nih.gov,zS3+Q~Wa~){u,Trista,Sambell
531-17-4437,Male,ecocksedge1o@booking.com,"wL6,,`Jx4EmhHu",Emanuele,Cocksedge
446-99-4351,Male,ssmalman1p@army.mil,"vL2/ZTs&Te1P,gt",Shadow,Smalman
450-22-4307,Female,sbortolussi1q@youku.com,wY6(4=a8QJ(Q4,Serene,Bortolussi
704-19-6526,Male,kagronski1s@indiegogo.com,xD3|Au|?spk.7XX,Kristoforo,Agronski
268-63-6658,Male,dcopin1t@edublogs.org,vY4*`0'f7.k|,Derry,Copin
785-09-7199,Male,hmabone1u@youku.com,vV5%U|V~@,Homere,Mabone
251-65-4617,Female,acheer1w@twitter.com,iO6&32j*,Ambur,Cheer
