548-74-9153,Male,nfeldmus0@reddit.com,"pQ0(""={2@",Nowell,Feldmus,3
485-77-5219,Male,tfarndell1@moonfruit.com,mB5`Wkt}Mh,Thatcher,Farndell,15
119-80-4408,Male,ksuatt2@fotki.com,"dW9_!wq""l/+cVw}",Kermie,Suatt,9
299-45-2137,Male,dimesen3@elegantthemes.com,pD4<{JSz>',Donalt,Imesen,45
114-59-2552,Male,tfeenan5@webmd.com,qG3$Z&ReV}%BY7?,Taddeusz,Feenan,18
114-82-2878,Female,kpitson6@mashable.com,"iS1""lZP='+F<\{+\",Kikelia,Pitson,34
728-97-1809,Female,hwarwicker7@disqus.com,iK5)@A(qsI/7,Haley,Warwicker,7
274-73-5378,Male,hdecruz8@virginia.edu,"mZ8,Uh<OrK8A6.I7",Hastings,De Cruz,2
203-72-4987,Male,csallery9@youku.com,pO9=$jB&SrZU(ZiF,Chris,Sallery,28
456-84-6394,Male,erigga@ucsd.edu,xN1).}8t_%B>l,Emlen,Rigg,31
215-59-7932,Male,twingateb@com.com,iY2+5Kz.w,Terencio,Wingate,22
203-42-9407,Male,mkundtc@zdnet.com,mB4$@TdUDbNB,Mick,Kundt,7
459-53-3191,Female,jdennistond@list-manage.com,kP0.exd!P'25.,Janette,Denniston,4
478-58-5909,Male,wpiddlehintone@jalbum.net,tL7+(0!qWYXNc,Wernher,Piddlehinton,1
297-99-0402,Male,gironsf@ask.com,rX2?_Ksnosm+A5m,Glen,Irons,23
589-07-0959,Male,mwrothamg@hao123.com,jX0(#p{(Cpo.ue{N,Marcel,Wrotham,44
474-32-5511,Female,tblewh@latimes.com,kQ0/vpZs1F9TzpdE,Tate,Blew,50
253-52-5243,Female,tcooki@comsenz.com,cX5*MVgs,Truda,Cook,28
875-15-3484,Female,wcadej@mozilla.com,uD2$*}0hU,Winna,Cade,31
592-69-5674,Male,nspicerk@latimes.com,bQ1)}coEDjL,Noland,Spicer,34
317-52-5107,Male,lallabushl@google.fr,zW9%<D5S,Lazare,Allabush,6
649-43-4632,Female,bbairnsfatherm@dailymail.co.uk,hC5/(&us~9X%,Brianna,Bairnsfather,3
111-50-3001,Male,jgilbertn@dailymail.co.uk,eD5{PJ6\=k,Justinian,Gilbert,36
804-17-9290,Female,slornseno@sfgate.com,"hA2,1ZBBzV`Y3W",Sharlene,Lornsen,8
762-66-2923,Male,rdobinsonp@wunderground.com,pN0@N_&jvXwAy#,Redd,Dobinson,21
696-51-7217,Female,cedmonsonq@chron.com,rT2*>~G&$3@U$4q,Cassaundra,Edmonson,50
157-76-3428,Male,vllewhellinr@hp.com,"rS1,\`(g$",Vaclav,Llewhellin,18
275-08-9214,Male,rromers@ucoz.ru,zA3%FHcx*#4,Ruben,Romer,19
373-08-7896,Female,atregentt@wsj.com,eG5%d&pEdtOQN!,Alys,Tregent,15
568-98-4265,Female,sedgeleru@t.co,sB3}RGw(vQ}48,Sibley,Edgeler,32
491-46-4637,Male,baspenlonv@boston.com,xE6)zqd/RKh,Buckie,Aspenlon,25
373-68-7211,Male,gbattersbyw@dropbox.com,aP2*wlCM.y%s,Garald,Battersby,46
861-03-8084,Female,ehardingex@phoca.cz,zO4_(d>5NB,Ethelyn,Hardinge,35
182-50-4053,Male,jarangyy@networksolutions.com,sH8(*C!Q,Jerrie,Arangy,41
388-49-8278,Male,wrembaudz@myspace.com,qH4*<'2=d'2Lrnn<,Wilden,Rembaud,21
642-49-3115,Female,mfancett10@dagondesign.com,oZ3/L/>},Mufinella,Fancett,34
802-77-8382,Male,dplumb11@comcast.net,aF2&z<2~,Darrell,Plumb,22
320-45-4659,Female,jleverett12@spotify.com,bZ9_AzVy2L,Jessamyn,Leverett,32
321-99-8133,Male,mbeaton13@cargocollective.com,rK3#`o@p7=8!uGIe,Marcos,Beaton,49
187-77-2509,Male,ewalkley14@unc.edu,qT2/94B7\,Edvard,Walkley,25
875-31-1579,Female,lgrogan15@paypal.com,iG0}bCbWCh7f7!,Lidia,Grogan,38
738-57-7010,Female,rshaplin17@wiley.com,tX4{25SF4,Rina,Shaplin,22
439-68-3811,Female,rben18@ft.com,pW5'tm7l)j,Rodi,Ben,44
729-48-8023,Male,sperroni1a@pinterest.com,fR9@5RiE.#|&Cv,Sarge,Perroni,30
387-66-1138,Female,vbalkwill1c@si.edu,vV5&GqdsW+X,Verena,Balkwill,6
777-41-8377,Female,sgolby1d@auda.org.au,kO0)Nj\>Vk_,Shaun,Golby,10
813-62-8875,Female,bfarnsworth1e@salon.com,oF9*Sz7X=/ADGc>',Bert,Farnsworth,16
362-77-4070,Female,nbracken1f@indiegogo.com,iV4\W}WX6r,Nicola,Bracken,17
188-85-5488,Male,kacome1g@netlog.com,kT7=6rKoop,Kale,Acome,1
729-38-1520,Female,fsouthon1h@people.com.cn,lV5+Pd${*<xoPp,Fey,Southon,6
230-56-6553,Female,ltinmouth1i@altervista.org,eA8|\Ff4QMW_',Lucine,Tinmouth,4
856-67-5230,Male,etschursch1j@huffingtonpost.com,gI5~yeWPrx(|qs,Elias,Tschursch,43
892-70-8297,Male,alower1k@wufoo.com,jI0$0$=kp5nI#R<B,Addison,Lower,5
835-56-6602,Male,madenet1l@g.co,lJ6~35uJSC%gQ?d,Mead,Adenet,33
150-40-0023,Female,gvasyanin1m@google.com,rZ5`B$PkE,Gipsy,Vasyanin,25
269-78-6528,Female,ajellard1n@multiply.com,fN7\c@qOjK,Adriena,Jellard,32
447-72-1541,Female,adermott1o@sogou.com,gY6{5VG0MI2Qd7/,Anya,Dermott,28
830-33-2553,Male,ljodrelle1p@oaic.gov.au,cF8@g\b3pOu,Leonardo,Jodrelle,50
451-71-2255,Female,kmurfin1q@fc2.com,nO5}Og+nA1,Kerrill,Murfin,27
